0,0
0,1
0,2
1,0
1,1
1,2
1,3
1,4
2,0
2,1
2,2
2,3
2,4
2,5
3,1
3,2
3,3
3,4
3,5
3,6
4,1
4,2
4,3
4,4
4,5
4,6
4,7
5,2
5,3
5,4
5,5
5,6
5,7
5,8
5,9
6,3
6,4
6,5
6,6
6,7
6,8
6,9
7,4
7,5
7,6
7,7
7,8
7,9
7,10
7,84
7,85
7,86
7,87
7,91
7,92
7,93
8,5
8,6
8,7
8,8
8,9
8,10
8,11
8,84
8,85
8,86
8,87
8,91
8,92
8,93
8,94
9,5
9,6
9,7
9,8
9,9
9,10
9,11
9,12
9,13
9,85
9,86
9,87
9,93
9,94
10,7
10,8
10,9
10,10
10,11
10,12
10,13
10,86
10,93
10,94
10,95
11,8
11,9
11,10
11,11
11,12
11,13
11,14
11,86
11,93
11,94
11,95
11,96
12,9
12,10
12,11
12,12
12,13
12,14
12,15
12,86
12,94
13,9
13,10
13,11
13,12
13,13
13,14
13,15
13,16
13,85
13,86
14,11
14,12
14,13
14,14
14,15
14,16
14,17
15,12
15,13
15,14
15,15
15,16
15,17
15,18
15,20
16,13
16,14
16,15
16,16
16,17
16,18
16,19
16,20
16,21
16,22
17,14
17,15
17,16
17,17
17,18
17,19
17,20
17,21
17,22
18,15
18,16
18,17
18,18
18,19
18,20
18,21
18,22
19,16
19,17
19,18
19,19
19,20
19,21
19,22
20,15
20,16
20,17
20,18
20,19
20,20
20,21
20,22
21,16
21,17
21,18
21,19
21,20
21,21
21,22
21,23
21,24
22,16
22,17
22,18
22,19
22,20
22,21
22,22
22,23
22,24
22,25
23,21
23,22
23,23
23,24
23,25
23,26
24,21
24,22
24,23
24,24
24,25
24,26
24,27
25,22
25,23
25,24
25,25
25,26
25,27
25,28
25,35
25,36
26,23
26,24
26,25
26,26
26,27
26,28
26,33
26,34
26,35
27,24
27,25
27,26
27,27
27,28
27,29
27,30
27,31
27,32
27,33
27,34
27,35
27,36
28,25
28,26
28,27
28,28
28,29
28,30
28,31
28,32
28,33
28,34
28,35
28,36
29,27
29,28
29,29
29,30
29,31
29,32
29,33
29,34
29,35
29,36
29,56
29,57
29,58
29,59
30,27
30,28
30,29
30,30
30,31
30,32
30,33
30,34
30,35
30,56
30,57
30,58
30,59
30,120
30,121
31,27
31,28
31,29
31,30
31,31
31,32
31,33
31,34
31,35
31,58
31,120
31,121
32,27
32,28
32,29
32,30
32,31
32,32
32,33
32,34
32,35
32,88
32,89
32,120
32,121
33,26
33,27
33,28
33,29
33,30
33,31
33,32
33,33
33,34
33,35
33,36
33,88
33,89
34,26
34,27
34,28
34,29
34,30
34,31
34,32
34,33
34,34
34,35
34,36
34,37
34,58
34,59
34,88
34,89
35,25
35,26
35,27
35,28
35,29
35,30
35,31
35,32
35,33
35,34
35,35
35,36
35,37
35,38
35,42
35,59
36,25
36,27
36,28
36,29
36,33
36,34
36,35
36,36
36,37
36,38
36,39
36,40
36,41
36,42
36,43
37,34
37,35
37,36
37,37
37,38
37,39
37,40
37,41
37,42
38,35
38,36
38,37
38,38
38,39
38,40
38,41
38,42
38,43
39,36
39,37
39,38
39,39
39,40
39,41
39,42
40,36
40,37
40,38
40,39
40,40
40,41
40,42
40,43
40,44
40,60
40,61
41,36
41,37
41,38
41,39
41,40
41,41
41,42
41,43
41,44
41,45
41,60
41,61
42,35
42,36
42,37
42,38
42,39
42,40
42,41
42,42
42,43
42,44
43,36
43,38
43,40
43,41
43,42
43,43
43,44
43,45
44,40
44,41
44,42
44,43
44,44
44,45
44,46
45,41
45,43
45,44
45,45
45,46
45,47
45,48
45,49
46,44
46,45
46,46
46,47
46,48
46,49
47,45
47,46
47,47
47,48
47,49
47,50
48,45
48,46
48,47
48,48
48,49
48,50
48,51
49,45
49,46
49,47
49,48
49,49
49,50
49,51
49,52
50,47
50,48
50,49
50,50
50,51
50,52
50,53
51,48
51,49
51,50
51,51
51,52
51,53
51,54
51,64
51,65
51,66
52,49
52,50
52,51
52,52
52,53
52,54
52,61
52,62
52,63
52,64
52,65
53,50
53,51
53,52
53,53
53,54
53,55
53,61
53,62
53,63
53,64
53,65
54,51
54,52
54,53
54,54
54,55
54,56
54,59
54,60
54,61
54,62
54,63
54,64
54,65
55,53
55,54
55,55
55,56
55,57
55,58
55,59
55,60
55,61
55,62
55,63
55,64
56,29
56,30
56,54
56,55
56,56
56,57
56,58
56,59
56,61
56,62
56,63
57,29
57,30
57,55
57,56
57,57
57,58
57,59
57,60
57,62
57,121
58,29
58,30
58,31
58,34
58,55
58,56
58,57
58,58
58,59
58,60
58,61
58,62
58,89
58,121
58,122
59,29
59,30
59,34
59,35
59,54
59,55
59,56
59,57
59,58
59,59
59,60
59,61
59,62
60,40
60,41
60,54
60,55
60,57
60,58
60,59
60,60
60,61
60,62
60,82
61,40
61,41
61,52
61,53
61,54
61,55
61,56
61,58
61,59
61,60
61,61
61,62
61,63
61,64
62,52
62,53
62,54
62,55
62,56
62,57
62,58
62,59
62,60
62,61
62,62
62,63
62,64
63,52
63,53
63,54
63,55
63,56
63,61
63,62
63,63
63,64
63,65
63,68
63,69
63,73
64,51
64,52
64,53
64,54
64,55
64,61
64,62
64,63
64,64
64,65
64,66
64,67
64,68
64,69
65,51
65,52
65,53
65,54
65,63
65,64
65,65
65,66
65,67
65,68
65,69
66,51
66,64
66,65
66,66
66,67
66,68
66,69
67,64
67,65
67,66
67,67
67,68
67,69
67,70
68,63
68,64
68,65
68,66
68,67
68,68
68,69
68,70
68,71
68,72
68,73
69,63
69,64
69,65
69,66
69,67
69,68
69,69
69,70
69,71
69,72
69,73
69,74
70,67
70,68
70,69
70,70
70,71
70,72
70,73
71,68
71,69
71,70
71,71
71,72
71,73
71,74
72,68
72,69
72,70
72,71
72,72
72,73
72,74
72,75
73,63
73,68
73,69
73,70
73,71
73,72
73,73
73,74
73,75
74,69
74,71
74,72
74,73
74,74
74,75
74,76
75,72
75,73
75,74
75,75
75,76
75,77
76,74
76,75
76,76
76,77
76,78
76,79
76,164
77,75
77,76
77,77
77,78
77,79
77,162
77,163
77,164
77,165
78,76
78,77
78,78
78,79
78,80
78,139
79,76
79,77
79,78
79,79
79,80
79,81
79,82
79,139
80,78
80,79
80,80
80,81
80,82
80,83
80,89
80,90
80,91
81,79
81,80
81,81
81,82
81,83
81,84
81,87
81,88
81,89
81,90
81,91
82,60
82,79
82,80
82,81
82,82
82,83
82,84
82,85
82,87
82,88
82,89
82,90
82,91
83,80
83,81
83,82
83,83
83,84
83,85
83,86
83,87
83,88
83,89
83,90
83,91
84,7
84,8
84,81
84,82
84,83
84,84
84,85
84,86
84,87
84,88
84,89
84,90
84,91
84,92
84,93
85,7
85,8
85,9
85,13
85,82
85,83
85,84
85,85
85,86
85,87
85,88
85,89
85,90
85,91
85,93
85,94
86,7
86,8
86,9
86,10
86,11
86,12
86,13
86,83
86,84
86,85
86,86
86,87
86,88
86,89
86,90
86,91
86,92
86,93
86,94
86,95
87,7
87,8
87,9
87,81
87,82
87,83
87,84
87,85
87,86
87,87
87,88
87,89
87,90
87,91
87,92
87,93
87,94
87,95
88,32
88,33
88,34
88,81
88,82
88,83
88,84
88,85
88,86
88,87
88,88
88,89
88,90
88,91
88,92
88,93
88,94
89,32
89,33
89,34
89,58
89,80
89,81
89,82
89,83
89,84
89,85
89,86
89,87
89,88
89,89
89,90
89,91
89,92
89,93
90,80
90,81
90,82
90,83
90,84
90,85
90,86
90,87
90,88
90,89
90,90
90,91
90,92
90,93
90,94
91,7
91,8
91,80
91,81
91,82
91,83
91,84
91,85
91,86
91,87
91,88
91,89
91,90
91,91
91,92
91,93
91,94
92,7
92,8
92,84
92,86
92,87
92,88
92,89
92,90
92,91
92,92
92,93
92,94
92,95
93,7
93,8
93,9
93,10
93,11
93,84
93,85
93,86
93,87
93,88
93,89
93,90
93,91
93,92
93,93
93,94
93,95
93,96
94,8
94,9
94,10
94,11
94,12
94,85
94,86
94,87
94,88
94,90
94,91
94,92
94,93
94,94
94,95
94,96
94,97
95,10
95,11
95,86
95,87
95,92
95,93
95,94
95,95
95,96
95,97
95,98
95,99
95,100
96,11
96,93
96,94
96,95
96,96
96,97
96,98
96,99
96,100
96,101
97,94
97,95
97,96
97,97
97,98
97,99
97,100
97,101
98,95
98,96
98,97
98,98
98,99
98,100
98,101
98,112
98,113
99,95
99,96
99,97
99,98
99,99
99,100
99,101
99,112
99,113
99,115
100,95
100,96
100,97
100,98
100,99
100,100
100,101
100,102
100,103
100,112
101,96
101,97
101,98
101,99
101,100
101,101
101,102
101,103
101,104
101,107
101,110
101,111
101,112
102,100
102,101
102,102
102,103
102,104
102,105
102,106
102,107
102,109
102,110
102,112
103,100
103,101
103,102
103,103
103,104
103,105
103,106
103,107
104,101
104,102
104,103
104,104
104,105
104,106
104,107
104,108
105,102
105,103
105,104
105,105
105,106
105,107
105,108
106,102
106,103
106,104
106,105
106,106
106,107
106,108
106,109
107,101
107,102
107,103
107,104
107,105
107,106
107,107
107,108
107,109
107,110
108,104
108,105
108,106
108,107
108,108
108,109
108,110
108,111
109,102
109,106
109,107
109,108
109,109
109,110
109,111
109,112
110,101
110,102
110,107
110,108
110,109
110,110
110,111
110,112
111,101
111,108
111,109
111,110
111,111
111,112
111,113
111,114
112,98
112,99
112,100
112,101
112,102
112,109
112,110
112,111
112,112
112,113
112,114
112,115
113,98
113,99
113,111
113,112
113,113
113,114
113,115
113,116
114,111
114,112
114,113
114,114
114,115
114,116
114,117
115,99
115,112
115,113
115,114
115,115
115,116
115,117
115,118
116,113
116,114
116,115
116,116
116,117
116,118
116,119
117,114
117,115
117,116
117,117
117,118
117,119
117,123
117,125
118,115
118,116
118,117
118,118
118,119
118,120
118,121
118,122
118,123
118,124
119,116
119,117
119,118
119,119
119,120
119,121
119,122
119,123
120,30
120,31
120,32
120,118
120,119
120,120
120,121
120,122
120,123
121,30
121,31
121,32
121,57
121,58
121,118
121,119
121,120
121,121
121,122
121,123
122,58
122,118
122,119
122,120
122,121
122,122
122,123
122,124
123,117
123,118
123,119
123,120
123,121
123,122
123,123
123,124
123,125
123,126
124,118
124,122
124,123
124,124
124,125
124,126
124,127
124,128
124,129
125,117
125,123
125,124
125,125
125,126
125,127
125,128
125,129
126,123
126,124
126,125
126,126
126,127
126,128
126,129
127,124
127,125
127,126
127,127
127,128
127,129
127,130
127,139
127,140
127,165
128,124
128,125
128,126
128,127
128,128
128,129
128,130
128,131
129,124
129,125
129,126
129,127
129,128
129,129
129,130
129,131
129,132
129,133
129,139
129,140
130,127
130,128
130,129
130,130
130,131
130,132
130,133
130,137
130,138
130,139
130,140
131,128
131,129
131,130
131,131
131,132
131,133
131,134
131,137
131,140
132,129
132,130
132,131
132,132
132,133
132,134
132,135
133,129
133,130
133,131
133,132
133,133
133,134
133,135
133,136
133,137
133,140
133,141
133,142
134,131
134,132
134,133
134,134
134,135
134,136
134,137
134,140
134,141
134,142
134,143
135,132
135,133
135,134
135,135
135,136
135,137
135,140
135,141
135,142
135,143
136,133
136,134
136,135
136,136
136,137
136,138
136,139
136,140
136,141
136,142
136,143
137,130
137,131
137,133
137,134
137,135
137,136
137,137
137,138
137,139
137,140
137,141
137,142
138,130
138,136
138,137
138,138
138,139
138,140
138,141
139,78
139,79
139,127
139,129
139,130
139,136
139,137
139,138
139,139
139,140
139,141
139,165
140,127
140,129
140,130
140,131
140,133
140,134
140,135
140,136
140,137
140,138
140,139
140,140
140,141
140,142
140,143
140,165
140,166
141,133
141,134
141,135
141,136
141,137
141,138
141,139
141,140
141,141
141,142
141,143
141,144
141,165
141,166
142,133
142,134
142,135
142,136
142,137
142,140
142,141
142,142
142,143
142,144
142,166
143,134
143,135
143,136
143,140
143,141
143,142
143,143
143,144
143,145
143,166
143,167
144,141
144,142
144,143
144,144
144,145
144,146
144,166
144,167
145,143
145,144
145,145
145,146
145,147
145,148
146,144
146,145
146,146
146,147
146,148
146,149
147,145
147,146
147,147
147,148
147,149
148,145
148,146
148,147
148,148
148,149
148,150
149,146
149,147
149,148
149,149
149,150
149,151
149,152
149,155
150,148
150,149
150,150
150,151
150,152
150,153
150,154
150,155
151,149
151,150
151,151
151,152
151,153
151,154
151,155
151,156
152,149
152,150
152,151
152,152
152,153
152,154
152,155
153,150
153,151
153,152
153,153
153,154
153,155
154,150
154,151
154,152
154,153
154,154
154,155
154,156
154,157
155,149
155,150
155,151
155,152
155,153
155,154
155,155
155,156
155,157
155,158
156,151
156,154
156,155
156,156
156,157
156,158
156,159
157,154
157,155
157,156
157,157
157,158
157,159
157,160
158,155
158,156
158,157
158,158
158,159
158,160
158,161
159,156
159,157
159,158
159,159
159,160
159,161
159,162
160,157
160,158
160,159
160,160
160,161
160,162
161,158
161,159
161,160
161,161
161,162
161,163
162,77
162,159
162,160
162,161
162,162
162,163
162,164
162,165
163,77
163,161
163,162
163,163
163,164
163,165
163,166
163,167
164,76
164,77
164,162
164,163
164,164
164,165
164,166
164,167
165,77
165,127
165,139
165,140
165,141
165,162
165,163
165,164
165,165
165,166
165,167
166,140
166,141
166,142
166,143
166,144
166,163
166,164
166,165
166,166
166,167
167,143
167,144
167,163
167,164
167,165
167,166
167,167
